Entidad,Nit Entidad,Departamento,Ciudad,Estado,Descripcion del Proceso,Tipo de Contrato,Modalidad de Contratacion,Justificacion Modalidad de Contratacion,Fecha de Firma,Fecha de Inicio del Contrato,Fecha de Fin del Contrato,Precio Base,Valor Total,Valor Pagado
ALCALDIA 90,,BOLIVAR,,,,,,,2023-02-28,,,3582652,,
ALCALDIA 78,,CUNDINAMARCA,,,,,,,2023-05-09,,,2745675528,,
HOSPITAL 23,,ATLANTICO,,,,,,,2023-02-23,,,3704121732,,
UNIVERSIDAD 87,,ANTIOQUIA,,,,,,,2023-11-13,,,1993838284,,
INSTITUTO 61,,CUNDINAMARCA,,,,,,,2023-09-30,,,4437422507,,
UNIVERSIDAD 38,,CUNDINAMARCA,,,,,,,2023-05-11,,,3017097008,,
GOBERNACION 17,,ATLANTICO,,,,,,,2023-05-29,,,2613897233,,
ALCALDIA 43,,VALLE,,,,,,,2023-11-20,,,3453566058,,
UNIVERSIDAD 99,,VALLE,,,,,,,2023-09-04,,,4984235025,,
ALCALDIA 51,,ATLANTICO,,,,,,,2023-12-19,,,597975492,,
HOSPITAL 22,,ATLANTICO,,,,,,,2023-03-18,,,4036222522,,
INSTITUTO 90,,SANTANDER,,,,,,,2023-12-20,,,4841926763,,
GOBERNACION 49,,SANTANDER,,,,,,,2023-07-01,,,4535776652,,
INSTITUTO 83,,BOGOTA,,,,,,,2023-05-03,,,3210059135,,
UNIVERSIDAD 10,,BOLIVAR,,,,,,,2023-03-21,,,122886186,,
GOBERNACION 36,,SANTANDER,,,,,,,2023-10-29,,,492321103,,
INSTITUTO 100,,VALLE,,,,,,,2023-04-30,,,3658679296,,
UNIVERSIDAD 26,,VALLE,,,,,,,2023-06-08,,,4443023803,,
GOBERNACION 23,,BOLIVAR,,,,,,,2023-02-19,,,3837055500,,
HOSPITAL 38,,SANTANDER,,,,,,,2023-03-30,,,2495852887,,
ALCALDIA 36,,BOLIVAR,,,,,,,2023-04-02,,,2782292521,,
GOBERNACION 54,,ATLANTICO,,,,,,,2023-06-12,,,2993470538,,
UNIVERSIDAD 28,,SANTANDER,,,,,,,2023-02-18,,,288822059,,
HOSPITAL 67,,CUNDINAMARCA,,,,,,,2023-10-07,,,1334397022,,
GOBERNACION 13,,VALLE,,,,,,,2023-04-07,,,764450948,,
UNIVERSIDAD 12,,BOLIVAR,,,,,,,2023-01-30,,,4189081344,,
HOSPITAL 33,,CUNDINAMARCA,,,,,,,2023-08-30,,,2437979694,,
INSTITUTO 59,,BOLIVAR,,,,,,,2023-06-27,,,1968934285,,
INSTITUTO 6,,BOLIVAR,,,,,,,2023-07-14,,,1205811568,,
ALCALDIA 100,,VALLE,,,,,,,2023-12-29,,,969859674,,
HOSPITAL 95,,VALLE,,,,,,,2023-05-13,,,4007373767,,
HOSPITAL 95,,BOGOTA,,,,,,,2023-08-01,,,4311942569,,
GOBERNACION 65,,SANTANDER,,,,,,,2023-08-22,,,4895300961,,
ALCALDIA 88,,BOGOTA,,,,,,,2023-11-18,,,4335453020,,
UNIVERSIDAD 60,,BOGOTA,,,,,,,2023-06-07,,,2752547469,,
ALCALDIA 56,,ANTIOQUIA,,,,,,,2023-07-17,,,2561323048,,
GOBERNACION 64,,ATLANTICO,,,,,,,2023-09-06,,,4078379152,,
GOBERNACION 15,,ANTIOQUIA,,,,,,,2023-07-08,,,974400380,,
UNIVERSIDAD 81,,VALLE,,,,,,,2023-11-02,,,3984813636,,
HOSPITAL 48,,SANTANDER,,,,,,,2023-03-02,,,436283624,,
UNIVERSIDAD 85,,ATLANTICO,,,,,,,2023-11-11,,,2763970782,,
HOSPITAL 92,,VALLE,,,,,,,2023-02-23,,,1600992800,,
UNIVERSIDAD 63,,SANTANDER,,,,,,,2023-08-14,,,4621984713,,
GOBERNACION 29,,BOLIVAR,,,,,,,2023-09-21,,,2622610780,,
ALCALDIA 35,,ANTIOQUIA,,,,,,,2023-01-25,,,3673168175,,
ALCALDIA 88,,ATLANTICO,,,,,,,2023-10-09,,,4735325339,,
UNIVERSIDAD 3,,BOLIVAR,,,,,,,2023-08-21,,,3979110978,,
UNIVERSIDAD 93,,CUNDINAMARCA,,,,,,,2023-05-27,,,4802128328,,
HOSPITAL 13,,ANTIOQUIA,,,,,,,2023-09-02,,,2371558636,,
UNIVERSIDAD 49,,ATLANTICO,,,,,,,2023-11-12,,,2230663710,,
ALCALDIA 12,,SANTANDER,,,,,,,2023-07-05,,,2436597223,,
GOBERNACION 64,,ATLANTICO,,,,,,,2023-04-14,,,910844120,,
UNIVERSIDAD 97,,ANTIOQUIA,,,,,,,2023-02-14,,,3303876519,,
INSTITUTO 66,,ATLANTICO,,,,,,,2023-09-25,,,2275216872,,
UNIVERSIDAD 77,,CUNDINAMARCA,,,,,,,2023-01-28,,,2053808130,,
INSTITUTO 53,,ANTIOQUIA,,,,,,,2023-03-24,,,1050449523,,
INSTITUTO 46,,ANTIOQUIA,,,,,,,2023-11-26,,,617321903,,
HOSPITAL 83,,ANTIOQUIA,,,,,,,2023-12-21,,,2490242635,,
ALCALDIA 64,,ATLANTICO,,,,,,,2023-04-29,,,3800504133,,
GOBERNACION 65,,SANTANDER,,,,,,,2023-09-28,,,3204505013,,
GOBERNACION 98,,BOLIVAR,,,,,,,2023-02-09,,,4137650393,,
INSTITUTO 79,,BOLIVAR,,,,,,,2023-04-28,,,2360944093,,
GOBERNACION 89,,ANTIOQUIA,,,,,,,2023-10-14,,,4996855489,,
GOBERNACION 41,,ANTIOQUIA,,,,,,,2023-06-02,,,2702810708,,
HOSPITAL 61,,CUNDINAMARCA,,,,,,,2023-06-14,,,998394673,,
GOBERNACION 50,,SANTANDER,,,,,,,2023-03-22,,,2741355327,,
GOBERNACION 61,,BOGOTA,,,,,,,2023-12-26,,,3898268352,,
GOBERNACION 49,,ANTIOQUIA,,,,,,,2023-04-26,,,3885324505,,
HOSPITAL 69,,SANTANDER,,,,,,,2023-10-22,,,3491226109,,
ALCALDIA 79,,BOGOTA,,,,,,,2023-03-11,,,3132406399,,
GOBERNACION 19,,VALLE,,,,,,,2023-10-03,,,4401538781,,
UNIVERSIDAD 16,,BOLIVAR,,,,,,,2023-10-12,,,3786396166,,
HOSPITAL 23,,SANTANDER,,,,,,,2023-12-31,,,3349199606,,
HOSPITAL 28,,ANTIOQUIA,,,,,,,2023-06-17,,,3055782847,,
UNIVERSIDAD 17,,BOLIVAR,,,,,,,2023-01-26,,,4761356530,,
HOSPITAL 55,,BOLIVAR,,,,,,,2023-07-08,,,1439601004,,
HOSPITAL 18,,ATLANTICO,,,,,,,2023-01-17,,,3418444840,,
UNIVERSIDAD 19,,BOGOTA,,,,,,,2023-11-21,,,638348987,,
UNIVERSIDAD 75,,BOGOTA,,,,,,,2023-11-10,,,2855256782,,
UNIVERSIDAD 68,,CUNDINAMARCA,,,,,,,2023-08-14,,,4170062083,,
HOSPITAL 89,,ANTIOQUIA,,,,,,,2023-07-29,,,1993604799,,
HOSPITAL 59,,VALLE,,,,,,,2023-05-28,,,615643480,,
ALCALDIA 6,,SANTANDER,,,,,,,2023-11-03,,,42896063,,
GOBERNACION 28,,BOLIVAR,,,,,,,2023-07-18,,,3440300279,,
HOSPITAL 26,,ATLANTICO,,,,,,,2023-12-23,,,2107851334,,
GOBERNACION 61,,BOLIVAR,,,,,,,2023-09-10,,,3051491695,,
ALCALDIA 83,,SANTANDER,,,,,,,2023-03-06,,,520192717,,
GOBERNACION 74,,VALLE,,,,,,,2023-07-06,,,576626221,,
GOBERNACION 46,,VALLE,,,,,,,2023-10-12,,,4386241961,,
UNIVERSIDAD 92,,SANTANDER,,,,,,,2023-08-11,,,564673655,,
INSTITUTO 35,,ATLANTICO,,,,,,,2023-06-24,,,3802075285,,
INSTITUTO 89,,BOLIVAR,,,,,,,2023-03-30,,,3588419676,,
GOBERNACION 31,,SANTANDER,,,,,,,2023-04-28,,,652121090,,
HOSPITAL 84,,BOLIVAR,,,,,,,2023-10-07,,,3209599122,,
UNIVERSIDAD 94,,SANTANDER,,,,,,,2023-03-21,,,4836351523,,
INSTITUTO 48,,VALLE,,,,,,,2023-07-29,,,3113858601,,
UNIVERSIDAD 22,,ATLANTICO,,,,,,,2023-01-20,,,1751731950,,
UNIVERSIDAD 13,,ATLANTICO,,,,,,,2023-09-15,,,1255736032,,
INSTITUTO 29,,VALLE,,,,,,,2023-07-21,,,1869802814,,
HOSPITAL 66,,CUNDINAMARCA,,,,,,,2023-11-27,,,4986480369,,
HOSPITAL 45,,BOLIVAR,,,,,,,2023-07-22,,,1657488246,,
HOSPITAL 94,,VALLE,,,,,,,2023-05-04,,,3923878501,,
GOBERNACION 24,,CUNDINAMARCA,,,,,,,2023-02-03,,,1069906265,,
UNIVERSIDAD 54,,BOLIVAR,,,,,,,2023-08-06,,,2425711231,,
INSTITUTO 67,,BOLIVAR,,,,,,,2023-03-02,,,3821101908,,
HOSPITAL 51,,BOGOTA,,,,,,,2023-07-07,,,1450760335,,
INSTITUTO 54,,CUNDINAMARCA,,,,,,,2023-07-04,,,98677126,,
UNIVERSIDAD 52,,BOLIVAR,,,,,,,2023-06-14,,,979485860,,
ALCALDIA 39,,ATLANTICO,,,,,,,2023-01-06,,,4749047111,,
ALCALDIA 14,,ANTIOQUIA,,,,,,,2023-12-26,,,965249025,,
UNIVERSIDAD 22,,BOLIVAR,,,,,,,2023-06-06,,,2498544725,,
UNIVERSIDAD 41,,ATLANTICO,,,,,,,2023-01-06,,,2411465766,,
ALCALDIA 1,,ANTIOQUIA,,,,,,,2023-01-18,,,2805647303,,
HOSPITAL 85,,SANTANDER,,,,,,,2023-10-25,,,1866402845,,
ALCALDIA 12,,BOGOTA,,,,,,,2023-07-15,,,512406133,,
HOSPITAL 9,,CUNDINAMARCA,,,,,,,2023-05-31,,,3505343242,,
GOBERNACION 48,,ATLANTICO,,,,,,,2023-10-15,,,69067816,,
HOSPITAL 86,,VALLE,,,,,,,2023-08-21,,,346177936,,
UNIVERSIDAD 28,,SANTANDER,,,,,,,2023-03-26,,,3044437247,,
HOSPITAL 60,,ANTIOQUIA,,,,,,,2023-11-04,,,4234991705,,
ALCALDIA 69,,BOGOTA,,,,,,,2023-07-09,,,3743619647,,
GOBERNACION 70,,BOGOTA,,,,,,,2023-12-28,,,2063781831,,
UNIVERSIDAD 52,,CUNDINAMARCA,,,,,,,2023-02-03,,,799661955,,
GOBERNACION 84,,ATLANTICO,,,,,,,2023-04-15,,,3980157881,,
ALCALDIA 32,,SANTANDER,,,,,,,2023-08-27,,,2419825152,,
INSTITUTO 59,,VALLE,,,,,,,2023-05-05,,,1709255213,,
UNIVERSIDAD 5,,BOGOTA,,,,,,,2023-07-12,,,568320218,,
HOSPITAL 18,,VALLE,,,,,,,2023-01-04,,,1729373013,,
UNIVERSIDAD 79,,ATLANTICO,,,,,,,2023-01-18,,,1476797889,,
GOBERNACION 31,,SANTANDER,,,,,,,2023-01-27,,,3829249772,,
GOBERNACION 76,,CUNDINAMARCA,,,,,,,2023-05-01,,,1637927618,,
INSTITUTO 55,,BOGOTA,,,,,,,2023-02-07,,,1459026758,,
GOBERNACION 28,,BOGOTA,,,,,,,2023-01-31,,,120560722,,
GOBERNACION 49,,CUNDINAMARCA,,,,,,,2023-09-23,,,4232004078,,
GOBERNACION 78,,CUNDINAMARCA,,,,,,,2023-11-24,,,2048823499,,
UNIVERSIDAD 49,,BOLIVAR,,,,,,,2023-03-27,,,419959359,,
INSTITUTO 89,,ATLANTICO,,,,,,,2023-06-16,,,4486290767,,
INSTITUTO 63,,SANTANDER,,,,,,,2024-01-01,,,3944697480,,
INSTITUTO 80,,CUNDINAMARCA,,,,,,,2023-09-25,,,83955556,,
GOBERNACION 65,,BOLIVAR,,,,,,,2023-08-07,,,2923428936,,
INSTITUTO 45,,BOGOTA,,,,,,,2023-03-05,,,2771513297,,
ALCALDIA 94,,ATLANTICO,,,,,,,2023-05-06,,,1896859367,,
ALCALDIA 14,,SANTANDER,,,,,,,2023-08-31,,,823181984,,
INSTITUTO 46,,ATLANTICO,,,,,,,2023-10-10,,,1784277581,,
HOSPITAL 18,,BOGOTA,,,,,,,2023-02-08,,,1657746609,,
HOSPITAL 72,,ANTIOQUIA,,,,,,,2023-07-22,,,4504664904,,
UNIVERSIDAD 22,,VALLE,,,,,,,2023-04-10,,,4873574881,,
GOBERNACION 95,,BOGOTA,,,,,,,2023-01-11,,,1599726434,,
INSTITUTO 41,,BOLIVAR,,,,,,,2023-07-29,,,4293158889,,
UNIVERSIDAD 71,,BOGOTA,,,,,,,2023-05-20,,,3391324568,,
GOBERNACION 88,,CUNDINAMARCA,,,,,,,2023-01-28,,,3323234382,,
HOSPITAL 86,,BOGOTA,,,,,,,2023-04-25,,,3943037625,,
INSTITUTO 37,,BOGOTA,,,,,,,2023-10-20,,,292669858,,
INSTITUTO 14,,CUNDINAMARCA,,,,,,,2023-06-07,,,939916928,,
INSTITUTO 93,,CUNDINAMARCA,,,,,,,2023-07-05,,,1720764779,,
INSTITUTO 60,,BOLIVAR,,,,,,,2023-10-28,,,2761344088,,
GOBERNACION 16,,VALLE,,,,,,,2023-06-12,,,4164163973,,
UNIVERSIDAD 34,,BOLIVAR,,,,,,,2023-03-05,,,88744893,,
ALCALDIA 44,,VALLE,,,,,,,2023-04-24,,,872733049,,
HOSPITAL 83,,ATLANTICO,,,,,,,2023-02-02,,,1543838800,,
GOBERNACION 9,,CUNDINAMARCA,,,,,,,2023-09-17,,,695034138,,
ALCALDIA 38,,BOLIVAR,,,,,,,2023-10-31,,,3924102281,,
GOBERNACION 32,,CUNDINAMARCA,,,,,,,2023-11-18,,,2752366905,,
GOBERNACION 5,,SANTANDER,,,,,,,2023-07-01,,,2042682086,,
UNIVERSIDAD 82,,ANTIOQUIA,,,,,,,2023-07-20,,,2107544431,,
ALCALDIA 37,,ANTIOQUIA,,,,,,,2023-02-10,,,452612223,,
UNIVERSIDAD 97,,BOLIVAR,,,,,,,2023-06-07,,,4579596409,,
HOSPITAL 93,,ATLANTICO,,,,,,,2023-06-12,,,3706468614,,
UNIVERSIDAD 11,,SANTANDER,,,,,,,2023-06-09,,,1041546652,,
UNIVERSIDAD 27,,SANTANDER,,,,,,,2023-10-09,,,1210942105,,
GOBERNACION 43,,BOGOTA,,,,,,,2023-05-07,,,4568947035,,
INSTITUTO 97,,BOGOTA,,,,,,,2023-09-11,,,1562129694,,
UNIVERSIDAD 71,,CUNDINAMARCA,,,,,,,2023-11-29,,,1024170161,,
ALCALDIA 76,,ANTIOQUIA,,,,,,,2023-11-04,,,2654120940,,
INSTITUTO 65,,VALLE,,,,,,,2023-12-27,,,3008114629,,
UNIVERSIDAD 48,,BOGOTA,,,,,,,2023-02-07,,,2515021448,,
HOSPITAL 18,,VALLE,,,,,,,2023-01-25,,,1166378872,,
ALCALDIA 92,,VALLE,,,,,,,2023-10-11,,,3557517442,,
HOSPITAL 12,,BOGOTA,,,,,,,2023-06-12,,,403638161,,
GOBERNACION 56,,ATLANTICO,,,,,,,2023-09-08,,,3091293503,,
INSTITUTO 13,,ANTIOQUIA,,,,,,,2023-06-25,,,3579314669,,
GOBERNACION 35,,BOGOTA,,,,,,,2023-08-15,,,2502419668,,
ALCALDIA 31,,ATLANTICO,,,,,,,2023-09-19,,,3806714413,,
GOBERNACION 39,,CUNDINAMARCA,,,,,,,2023-03-02,,,2517251849,,
HOSPITAL 69,,BOLIVAR,,,,,,,2023-11-01,,,4200375288,,
UNIVERSIDAD 4,,BOGOTA,,,,,,,2023-05-29,,,2324656483,,
ALCALDIA 36,,ANTIOQUIA,,,,,,,2023-09-28,,,4533453122,,
GOBERNACION 33,,CUNDINAMARCA,,,,,,,2023-11-03,,,4064569854,,
ALCALDIA 36,,VALLE,,,,,,,2023-03-25,,,3130950231,,
HOSPITAL 75,,SANTANDER,,,,,,,2023-09-16,,,4418414883,,
GOBERNACION 49,,BOLIVAR,,,,,,,2023-01-26,,,3405652312,,
HOSPITAL 71,,CUNDINAMARCA,,,,,,,2023-11-15,,,1872052171,,
UNIVERSIDAD 66,,ATLANTICO,,,,,,,2023-03-18,,,3240543154,,
UNIVERSIDAD 45,,VALLE,,,,,,,2023-09-14,,,3378455701,,
ALCALDIA 16,,CUNDINAMARCA,,,,,,,2023-11-12,,,137189494,,
UNIVERSIDAD 96,,BOLIVAR,,,,,,,2023-04-06,,,1190601882,,
GOBERNACION 99,,BOLIVAR,,,,,,,2023-07-25,,,4360893252,,
GOBERNACION 74,,CUNDINAMARCA,,,,,,,2023-02-17,,,4551202335,,
HOSPITAL 37,,BOLIVAR,,,,,,,2023-08-30,,,1271707142,,
INSTITUTO 9,,BOGOTA,,,,,,,2023-09-04,,,4800828867,,
HOSPITAL 97,,ATLANTICO,,,,,,,2023-06-25,,,3527943929,,
ALCALDIA 76,,ATLANTICO,,,,,,,2023-02-08,,,2054846938,,
INSTITUTO 59,,BOGOTA,,,,,,,2023-06-02,,,4955701544,,
HOSPITAL 40,,SANTANDER,,,,,,,2023-08-26,,,4880353523,,
HOSPITAL 91,,ATLANTICO,,,,,,,2023-01-04,,,3336456278,,
INSTITUTO 58,,BOLIVAR,,,,,,,2023-10-14,,,2712474451,,
HOSPITAL 85,,BOGOTA,,,,,,,2023-08-14,,,612109719,,
UNIVERSIDAD 80,,ATLANTICO,,,,,,,2023-09-28,,,1525300832,,
UNIVERSIDAD 13,,CUNDINAMARCA,,,,,,,2023-02-25,,,3533125201,,
ALCALDIA 28,,BOLIVAR,,,,,,,2023-06-06,,,2793968194,,
INSTITUTO 46,,VALLE,,,,,,,2023-05-18,,,2392461231,,
HOSPITAL 91,,ANTIOQUIA,,,,,,,2023-03-10,,,1700971796,,
HOSPITAL 96,,ATLANTICO,,,,,,,2023-07-15,,,4942999149,,
ALCALDIA 59,,BOLIVAR,,,,,,,2023-09-05,,,4645785488,,
HOSPITAL 65,,SANTANDER,,,,,,,2023-03-15,,,2463752339,,
UNIVERSIDAD 49,,ATLANTICO,,,,,,,2023-06-12,,,1740566090,,
UNIVERSIDAD 35,,VALLE,,,,,,,2023-01-08,,,111082811,,
GOBERNACION 89,,CUNDINAMARCA,,,,,,,2023-03-22,,,3491182084,,
INSTITUTO 50,,ANTIOQUIA,,,,,,,2023-02-08,,,522965298,,
UNIVERSIDAD 52,,ANTIOQUIA,,,,,,,2023-06-27,,,4464623133,,
INSTITUTO 17,,ANTIOQUIA,,,,,,,2023-01-20,,,771315158,,
HOSPITAL 46,,SANTANDER,,,,,,,2023-06-26,,,3616583971,,
UNIVERSIDAD 38,,CUNDINAMARCA,,,,,,,2023-11-29,,,3458985612,,
ALCALDIA 12,,ANTIOQUIA,,,,,,,2023-06-24,,,1936827234,,
ALCALDIA 67,,BOGOTA,,,,,,,2023-03-06,,,2351961741,,
GOBERNACION 11,,CUNDINAMARCA,,,,,,,2023-06-23,,,3700680465,,
HOSPITAL 89,,BOLIVAR,,,,,,,2023-09-11,,,384201609,,
ALCALDIA 50,,SANTANDER,,,,,,,2023-09-20,,,1790220933,,
UNIVERSIDAD 66,,CUNDINAMARCA,,,,,,,2023-11-13,,,1879715750,,
ALCALDIA 92,,BOLIVAR,,,,,,,2023-05-21,,,2694426778,,
INSTITUTO 17,,ANTIOQUIA,,,,,,,2023-04-25,,,1763679253,,
INSTITUTO 47,,ATLANTICO,,,,,,,2023-07-08,,,4764584658,,
HOSPITAL 60,,CUNDINAMARCA,,,,,,,2023-07-27,,,3436642877,,
UNIVERSIDAD 95,,CUNDINAMARCA,,,,,,,2023-10-01,,,245554339,,
ALCALDIA 35,,BOLIVAR,,,,,,,2023-07-26,,,2478891584,,
GOBERNACION 43,,CUNDINAMARCA,,,,,,,2023-02-18,,,333032173,,
HOSPITAL 26,,BOGOTA,,,,,,,2023-09-29,,,4530866411,,
ALCALDIA 58,,CUNDINAMARCA,,,,,,,2023-09-22,,,836903834,,
INSTITUTO 27,,VALLE,,,,,,,2023-03-17,,,2374736586,,
UNIVERSIDAD 53,,ATLANTICO,,,,,,,2023-11-25,,,4474086531,,
GOBERNACION 56,,SANTANDER,,,,,,,2023-04-29,,,1918117953,,
UNIVERSIDAD 23,,ATLANTICO,,,,,,,2023-05-30,,,2643239127,,
HOSPITAL 44,,BOLIVAR,,,,,,,2023-03-14,,,3932851317,,
GOBERNACION 23,,BOLIVAR,,,,,,,2023-08-19,,,264927244,,
ALCALDIA 16,,CUNDINAMARCA,,,,,,,2023-07-05,,,22746581,,
UNIVERSIDAD 97,,ATLANTICO,,,,,,,2023-07-13,,,466832876,,
UNIVERSIDAD 16,,ANTIOQUIA,,,,,,,2023-12-22,,,1303400589,,
GOBERNACION 84,,VALLE,,,,,,,2023-01-05,,,4037910029,,
HOSPITAL 6,,BOLIVAR,,,,,,,2023-09-26,,,4161973959,,
ALCALDIA 36,,VALLE,,,,,,,2023-02-28,,,775691394,,
UNIVERSIDAD 81,,CUNDINAMARCA,,,,,,,2023-03-20,,,2158223977,,
HOSPITAL 82,,BOGOTA,,,,,,,2023-05-27,,,1197828521,,
UNIVERSIDAD 50,,ATLANTICO,,,,,,,2023-05-01,,,1563745197,,
GOBERNACION 65,,ANTIOQUIA,,,,,,,2023-03-11,,,4893706370,,
HOSPITAL 64,,ATLANTICO,,,,,,,2023-10-02,,,1943054843,,
ALCALDIA 98,,VALLE,,,,,,,2023-05-27,,,50279900,,
UNIVERSIDAD 44,,ATLANTICO,,,,,,,2023-08-16,,,711034665,,
UNIVERSIDAD 59,,BOLIVAR,,,,,,,2023-03-09,,,2484164603,,
ALCALDIA 42,,VALLE,,,,,,,2023-05-27,,,4624042435,,
GOBERNACION 52,,BOLIVAR,,,,,,,2023-10-08,,,4547594142,,
UNIVERSIDAD 100,,CUNDINAMARCA,,,,,,,2023-06-21,,,3466861177,,
UNIVERSIDAD 7,,CUNDINAMARCA,,,,,,,2023-04-05,,,286789266,,
UNIVERSIDAD 99,,BOGOTA,,,,,,,2023-05-12,,,4806444291,,
ALCALDIA 86,,SANTANDER,,,,,,,2023-01-29,,,3070299554,,
GOBERNACION 86,,CUNDINAMARCA,,,,,,,2023-08-05,,,2936295094,,
HOSPITAL 92,,SANTANDER,,,,,,,2023-01-22,,,3867943303,,
GOBERNACION 31,,BOGOTA,,,,,,,2023-02-27,,,4102533469,,
UNIVERSIDAD 4,,CUNDINAMARCA,,,,,,,2023-05-04,,,735074656,,
GOBERNACION 70,,ANTIOQUIA,,,,,,,2023-08-18,,,2860407042,,
INSTITUTO 14,,SANTANDER,,,,,,,2023-08-23,,,1768872232,,
INSTITUTO 83,,ANTIOQUIA,,,,,,,2023-01-17,,,904837246,,
INSTITUTO 36,,BOLIVAR,,,,,,,2023-02-21,,,1061789820,,
INSTITUTO 96,,CUNDINAMARCA,,,,,,,2023-10-14,,,211365037,,
INSTITUTO 89,,SANTANDER,,,,,,,2023-07-19,,,771223042,,
ALCALDIA 85,,ANTIOQUIA,,,,,,,2023-10-11,,,573049648,,
ALCALDIA 72,,BOGOTA,,,,,,,2023-12-20,,,516857284,,
HOSPITAL 100,,VALLE,,,,,,,2023-04-19,,,3141130676,,
UNIVERSIDAD 80,,BOGOTA,,,,,,,2023-12-20,,,1025836152,,
HOSPITAL 47,,VALLE,,,,,,,2023-11-25,,,3652401972,,
UNIVERSIDAD 63,,SANTANDER,,,,,,,2023-10-16,,,3734916891,,
INSTITUTO 6,,SANTANDER,,,,,,,2023-03-07,,,1838422427,,
ALCALDIA 66,,BOGOTA,,,,,,,2023-01-04,,,3898937600,,
GOBERNACION 32,,ANTIOQUIA,,,,,,,2023-05-30,,,3205174203,,
ALCALDIA 18,,SANTANDER,,,,,,,2023-06-26,,,359779059,,
GOBERNACION 13,,SANTANDER,,,,,,,2023-02-19,,,3260395397,,
UNIVERSIDAD 26,,CUNDINAMARCA,,,,,,,2023-10-05,,,2838111691,,
ALCALDIA 76,,BOLIVAR,,,,,,,2023-08-14,,,4759240644,,
INSTITUTO 74,,ANTIOQUIA,,,,,,,2023-11-25,,,1663414547,,
INSTITUTO 25,,BOGOTA,,,,,,,2023-09-05,,,3415770339,,
INSTITUTO 23,,BOLIVAR,,,,,,,2023-09-28,,,4606034053,,
INSTITUTO 27,,ANTIOQUIA,,,,,,,2023-08-06,,,3774777514,,
ALCALDIA 9,,ATLANTICO,,,,,,,2023-12-29,,,1123922491,,
INSTITUTO 15,,CUNDINAMARCA,,,,,,,2023-03-01,,,3507096666,,
INSTITUTO 72,,VALLE,,,,,,,2023-01-17,,,1383974996,,
UNIVERSIDAD 96,,ANTIOQUIA,,,,,,,2023-08-25,,,1098017089,,
ALCALDIA 40,,BOGOTA,,,,,,,2023-01-01,,,2712986875,,
GOBERNACION 34,,BOLIVAR,,,,,,,2023-10-20,,,1650318097,,
INSTITUTO 74,,ANTIOQUIA,,,,,,,2023-01-08,,,4273947506,,
HOSPITAL 15,,ATLANTICO,,,,,,,2023-02-19,,,1005857427,,
UNIVERSIDAD 7,,ATLANTICO,,,,,,,2023-01-29,,,2740870096,,
HOSPITAL 26,,BOLIVAR,,,,,,,2023-12-11,,,877595762,,
INSTITUTO 27,,ANTIOQUIA,,,,,,,2023-01-04,,,836089204,,
HOSPITAL 3,,ANTIOQUIA,,,,,,,2023-01-29,,,3550634299,,
HOSPITAL 77,,ANTIOQUIA,,,,,,,2023-10-07,,,2746361606,,
ALCALDIA 22,,SANTANDER,,,,,,,2023-05-12,,,722656837,,
UNIVERSIDAD 4,,ATLANTICO,,,,,,,2024-01-01,,,2997384382,,
INSTITUTO 38,,CUNDINAMARCA,,,,,,,2023-10-30,,,138364247,,
HOSPITAL 31,,ANTIOQUIA,,,,,,,2023-12-21,,,4691204954,,
ALCALDIA 66,,CUNDINAMARCA,,,,,,,2023-03-27,,,1745704682,,
INSTITUTO 93,,BOGOTA,,,,,,,2023-01-20,,,2240498985,,
ALCALDIA 1,,ANTIOQUIA,,,,,,,2023-05-30,,,3705360461,,
GOBERNACION 8,,CUNDINAMARCA,,,,,,,2023-06-07,,,1698231348,,
ALCALDIA 26,,SANTANDER,,,,,,,2023-03-14,,,4483679906,,
GOBERNACION 1,,SANTANDER,,,,,,,2023-08-29,,,3120060096,,
HOSPITAL 100,,ANTIOQUIA,,,,,,,2023-02-27,,,4695264474,,
INSTITUTO 73,,ANTIOQUIA,,,,,,,2023-10-17,,,1154881589,,
GOBERNACION 63,,VALLE,,,,,,,2023-05-19,,,4841757711,,
UNIVERSIDAD 86,,ATLANTICO,,,,,,,2023-01-28,,,204485634,,
ALCALDIA 35,,CUNDINAMARCA,,,,,,,2023-12-17,,,671940060,,
HOSPITAL 5,,BOGOTA,,,,,,,2023-05-26,,,1603763472,,
UNIVERSIDAD 97,,CUNDINAMARCA,,,,,,,2023-12-02,,,1490447025,,
GOBERNACION 72,,SANTANDER,,,,,,,2023-03-23,,,3813749551,,
ALCALDIA 37,,CUNDINAMARCA,,,,,,,2023-04-23,,,1829025692,,
HOSPITAL 83,,CUNDINAMARCA,,,,,,,2023-06-04,,,428242879,,
INSTITUTO 86,,CUNDINAMARCA,,,,,,,2023-04-27,,,232333993,,
INSTITUTO 54,,ANTIOQUIA,,,,,,,2023-02-17,,,2071101623,,
UNIVERSIDAD 33,,ATLANTICO,,,,,,,2023-08-13,,,919312663,,
ALCALDIA 10,,ANTIOQUIA,,,,,,,2023-03-18,,,1966281550,,
UNIVERSIDAD 33,,BOGOTA,,,,,,,2023-03-01,,,3431153310,,
HOSPITAL 96,,SANTANDER,,,,,,,2023-09-24,,,3396017223,,
HOSPITAL 6,,BOGOTA,,,,,,,2023-08-21,,,3725191687,,
UNIVERSIDAD 82,,BOLIVAR,,,,,,,2023-07-12,,,3555040778,,
UNIVERSIDAD 16,,ANTIOQUIA,,,,,,,2023-03-06,,,2830930406,,
GOBERNACION 31,,ANTIOQUIA,,,,,,,2023-07-12,,,3061910333,,
HOSPITAL 12,,VALLE,,,,,,,2023-12-16,,,3340313263,,
HOSPITAL 31,,BOLIVAR,,,,,,,2023-11-09,,,2633080603,,
INSTITUTO 29,,BOGOTA,,,,,,,2023-03-18,,,4657377408,,
UNIVERSIDAD 47,,VALLE,,,,,,,2023-03-20,,,2904813127,,
HOSPITAL 97,,CUNDINAMARCA,,,,,,,2023-06-28,,,2421190247,,
UNIVERSIDAD 27,,ATLANTICO,,,,,,,2023-07-19,,,1879014635,,
GOBERNACION 57,,SANTANDER,,,,,,,2023-03-31,,,206177541,,
GOBERNACION 85,,CUNDINAMARCA,,,,,,,2023-06-01,,,4480751363,,
ALCALDIA 34,,ATLANTICO,,,,,,,2023-09-04,,,234938758,,
INSTITUTO 3,,ANTIOQUIA,,,,,,,2023-02-10,,,2826258417,,
INSTITUTO 29,,BOGOTA,,,,,,,2023-03-23,,,1926627622,,
ALCALDIA 17,,VALLE,,,,,,,2023-01-30,,,4562527957,,
GOBERNACION 65,,ANTIOQUIA,,,,,,,2023-03-01,,,2143000019,,
ALCALDIA 70,,VALLE,,,,,,,2023-09-09,,,4817732712,,
INSTITUTO 22,,VALLE,,,,,,,2023-11-10,,,4843185527,,
ALCALDIA 99,,SANTANDER,,,,,,,2023-09-15,,,205821415,,
INSTITUTO 1,,SANTANDER,,,,,,,2023-11-24,,,2849009706,,
HOSPITAL 62,,VALLE,,,,,,,2023-06-02,,,3334526736,,
UNIVERSIDAD 76,,ANTIOQUIA,,,,,,,2023-11-09,,,3219803489,,
ALCALDIA 25,,SANTANDER,,,,,,,2023-03-16,,,4834166204,,
HOSPITAL 83,,BOLIVAR,,,,,,,2023-01-01,,,2081215624,,
INSTITUTO 32,,CUNDINAMARCA,,,,,,,2023-10-15,,,839372489,,
INSTITUTO 30,,ATLANTICO,,,,,,,2023-06-16,,,3605787270,,
INSTITUTO 31,,BOLIVAR,,,,,,,2023-05-18,,,468092804,,
GOBERNACION 87,,VALLE,,,,,,,2023-11-28,,,1532913943,,
UNIVERSIDAD 71,,BOGOTA,,,,,,,2023-10-10,,,3046057287,,
UNIVERSIDAD 45,,ATLANTICO,,,,,,,2023-05-21,,,1663870269,,
INSTITUTO 92,,CUNDINAMARCA,,,,,,,2023-10-09,,,4531740746,,
INSTITUTO 9,,SANTANDER,,,,,,,2023-11-07,,,490006913,,
HOSPITAL 22,,BOLIVAR,,,,,,,2023-01-05,,,862377999,,
GOBERNACION 16,,BOLIVAR,,,,,,,2023-01-06,,,2004187674,,
ALCALDIA 98,,VALLE,,,,,,,2023-09-04,,,2961240344,,
INSTITUTO 30,,VALLE,,,,,,,2023-10-14,,,3360346030,,
HOSPITAL 5,,ATLANTICO,,,,,,,2023-10-19,,,1482742653,,
GOBERNACION 81,,SANTANDER,,,,,,,2023-05-30,,,535560858,,
GOBERNACION 44,,BOGOTA,,,,,,,2023-09-26,,,2786553745,,
UNIVERSIDAD 69,,ANTIOQUIA,,,,,,,2023-03-25,,,2763514652,,
HOSPITAL 47,,ATLANTICO,,,,,,,2023-01-09,,,1448223719,,
UNIVERSIDAD 61,,BOLIVAR,,,,,,,2023-06-05,,,852161329,,
GOBERNACION 91,,VALLE,,,,,,,2023-04-27,,,2528596992,,
GOBERNACION 83,,ATLANTICO,,,,,,,2023-01-10,,,867657708,,
INSTITUTO 100,,ANTIOQUIA,,,,,,,2023-12-15,,,2841955738,,
UNIVERSIDAD 39,,BOLIVAR,,,,,,,2023-06-05,,,3510571531,,
ALCALDIA 17,,BOLIVAR,,,,,,,2023-11-03,,,3458065726,,
GOBERNACION 83,,VALLE,,,,,,,2023-10-01,,,611475260,,
INSTITUTO 49,,ANTIOQUIA,,,,,,,2023-07-26,,,3405432483,,
GOBERNACION 17,,ATLANTICO,,,,,,,2023-03-02,,,2396488993,,
GOBERNACION 22,,VALLE,,,,,,,2023-04-07,,,1098755474,,
UNIVERSIDAD 64,,BOGOTA,,,,,,,2023-11-04,,,898829041,,
INSTITUTO 1,,VALLE,,,,,,,2023-03-19,,,1693512994,,
UNIVERSIDAD 34,,CUNDINAMARCA,,,,,,,2023-08-01,,,983712951,,
ALCALDIA 50,,SANTANDER,,,,,,,2023-10-18,,,3474644911,,
HOSPITAL 85,,BOLIVAR,,,,,,,2023-10-10,,,1511618315,,
INSTITUTO 13,,SANTANDER,,,,,,,2023-07-11,,,2435609401,,
ALCALDIA 74,,ATLANTICO,,,,,,,2023-09-05,,,1352716468,,
INSTITUTO 21,,CUNDINAMARCA,,,,,,,2023-03-01,,,2217518806,,
UNIVERSIDAD 98,,BOGOTA,,,,,,,2023-03-13,,,3810581634,,
INSTITUTO 69,,BOLIVAR,,,,,,,2023-05-21,,,4193328175,,
ALCALDIA 15,,SANTANDER,,,,,,,2023-12-30,,,2527770393,,
UNIVERSIDAD 20,,CUNDINAMARCA,,,,,,,2023-06-23,,,781615001,,
GOBERNACION 98,,ANTIOQUIA,,,,,,,2023-11-23,,,4717515452,,
ALCALDIA 34,,BOGOTA,,,,,,,2023-11-23,,,4254396033,,
GOBERNACION 22,,ATLANTICO,,,,,,,2023-05-30,,,1218460241,,
INSTITUTO 28,,ANTIOQUIA,,,,,,,2023-02-11,,,4777783376,,
INSTITUTO 97,,SANTANDER,,,,,,,2023-07-18,,,4221236605,,
UNIVERSIDAD 6,,VALLE,,,,,,,2023-09-23,,,2374111335,,
INSTITUTO 2,,BOLIVAR,,,,,,,2023-09-21,,,2024913935,,
INSTITUTO 77,,BOLIVAR,,,,,,,2023-03-08,,,1320237176,,
GOBERNACION 55,,ATLANTICO,,,,,,,2023-09-18,,,4081110341,,
ALCALDIA 24,,ANTIOQUIA,,,,,,,2023-10-17,,,1009161882,,
INSTITUTO 100,,VALLE,,,,,,,2023-11-22,,,3232912079,,
ALCALDIA 9,,ANTIOQUIA,,,,,,,2023-10-02,,,230000632,,
HOSPITAL 16,,ATLANTICO,,,,,,,2023-11-13,,,17120450,,
INSTITUTO 58,,ANTIOQUIA,,,,,,,2023-03-03,,,3631511559,,
GOBERNACION 99,,BOLIVAR,,,,,,,2023-04-25,,,870513348,,
GOBERNACION 41,,CUNDINAMARCA,,,,,,,2023-08-11,,,4958852436,,
HOSPITAL 43,,ATLANTICO,,,,,,,2023-10-15,,,881996028,,
HOSPITAL 43,,BOGOTA,,,,,,,2023-08-13,,,831551670,,
UNIVERSIDAD 49,,SANTANDER,,,,,,,2023-09-13,,,3391691312,,
ALCALDIA 31,,CUNDINAMARCA,,,,,,,2023-10-16,,,3823776966,,
INSTITUTO 39,,ATLANTICO,,,,,,,2023-08-22,,,1681804601,,
INSTITUTO 1,,ATLANTICO,,,,,,,2023-03-25,,,2387305878,,
ALCALDIA 71,,CUNDINAMARCA,,,,,,,2023-10-21,,,453736485,,
INSTITUTO 39,,ANTIOQUIA,,,,,,,2023-11-23,,,4618738770,,
GOBERNACION 64,,BOLIVAR,,,,,,,2023-08-24,,,2385074730,,
GOBERNACION 73,,VALLE,,,,,,,2023-11-28,,,620778686,,
GOBERNACION 10,,ANTIOQUIA,,,,,,,2023-10-12,,,2552662332,,
ALCALDIA 40,,BOGOTA,,,,,,,2023-12-17,,,3131480133,,
GOBERNACION 58,,VALLE,,,,,,,2023-07-19,,,4514780061,,
GOBERNACION 12,,CUNDINAMARCA,,,,,,,2023-04-05,,,424622251,,
INSTITUTO 89,,ANTIOQUIA,,,,,,,2023-05-22,,,1630177693,,
ALCALDIA 61,,ANTIOQUIA,,,,,,,2023-08-29,,,4956350745,,
UNIVERSIDAD 51,,BOGOTA,,,,,,,2023-08-29,,,4584462930,,
INSTITUTO 51,,SANTANDER,,,,,,,2023-03-24,,,1555338297,,
GOBERNACION 78,,ANTIOQUIA,,,,,,,2023-11-16,,,657592709,,
UNIVERSIDAD 6,,ATLANTICO,,,,,,,2023-10-16,,,194353383,,
INSTITUTO 57,,VALLE,,,,,,,2023-11-23,,,4795735357,,
HOSPITAL 25,,BOLIVAR,,,,,,,2023-08-09,,,1675599523,,
INSTITUTO 24,,SANTANDER,,,,,,,2023-05-05,,,1406928188,,
UNIVERSIDAD 30,,ANTIOQUIA,,,,,,,2023-03-16,,,4105219463,,
GOBERNACION 76,,BOLIVAR,,,,,,,2023-09-15,,,3770452089,,
HOSPITAL 95,,VALLE,,,,,,,2023-11-10,,,1190471359,,
UNIVERSIDAD 33,,CUNDINAMARCA,,,,,,,2023-06-07,,,895955408,,
GOBERNACION 85,,CUNDINAMARCA,,,,,,,2023-06-22,,,4561755200,,
UNIVERSIDAD 85,,BOLIVAR,,,,,,,2023-03-23,,,2861853625,,
INSTITUTO 27,,BOLIVAR,,,,,,,2023-05-13,,,2366259861,,
UNIVERSIDAD 14,,VALLE,,,,,,,2023-10-15,,,3185259544,,
GOBERNACION 25,,SANTANDER,,,,,,,2023-03-30,,,4654194454,,
INSTITUTO 67,,ATLANTICO,,,,,,,2023-02-18,,,1241874152,,
ALCALDIA 79,,ANTIOQUIA,,,,,,,2023-06-01,,,3338798537,,
GOBERNACION 41,,CUNDINAMARCA,,,,,,,2023-03-13,,,4421767727,,
INSTITUTO 48,,ATLANTICO,,,,,,,2023-02-26,,,3151181436,,
UNIVERSIDAD 71,,VALLE,,,,,,,2023-07-12,,,1119448881,,
HOSPITAL 100,,VALLE,,,,,,,2023-10-27,,,2144363401,,
HOSPITAL 77,,BOGOTA,,,,,,,2023-04-13,,,4748967803,,
ALCALDIA 2,,VALLE,,,,,,,2023-05-08,,,4314964336,,
INSTITUTO 67,,ATLANTICO,,,,,,,2023-10-19,,,1437441650,,
ALCALDIA 28,,BOLIVAR,,,,,,,2023-06-17,,,393566030,,
UNIVERSIDAD 3,,ATLANTICO,,,,,,,2023-10-02,,,4218742397,,
UNIVERSIDAD 44,,CUNDINAMARCA,,,,,,,2023-07-17,,,4673511761,,
GOBERNACION 12,,VALLE,,,,,,,2023-02-17,,,4471189812,,
ALCALDIA 52,,BOLIVAR,,,,,,,2023-03-24,,,1019979460,,
HOSPITAL 25,,VALLE,,,,,,,2023-10-15,,,3666899980,,
INSTITUTO 87,,BOLIVAR,,,,,,,2023-07-27,,,62260287,,
GOBERNACION 6,,ATLANTICO,,,,,,,2023-02-07,,,2636443874,,
UNIVERSIDAD 66,,VALLE,,,,,,,2023-08-15,,,545213714,,
GOBERNACION 90,,BOLIVAR,,,,,,,2023-06-02,,,4784976302,,
INSTITUTO 68,,ANTIOQUIA,,,,,,,2023-10-28,,,1039029155,,
GOBERNACION 42,,VALLE,,,,,,,2023-03-01,,,3974014918,,
UNIVERSIDAD 66,,VALLE,,,,,,,2023-11-06,,,258698272,,
INSTITUTO 62,,VALLE,,,,,,,2023-05-14,,,3900017560,,
HOSPITAL 20,,ATLANTICO,,,,,,,2023-12-04,,,2821156261,,
INSTITUTO 98,,CUNDINAMARCA,,,,,,,2023-05-09,,,3686263881,,
INSTITUTO 61,,ATLANTICO,,,,,,,2023-11-20,,,865320351,,
UNIVERSIDAD 68,,ANTIOQUIA,,,,,,,2023-05-27,,,1531193124,,
HOSPITAL 9,,ATLANTICO,,,,,,,2023-05-27,,,631265819,,
ALCALDIA 99,,VALLE,,,,,,,2023-11-10,,,3126948011,,
ALCALDIA 73,,BOLIVAR,,,,,,,2023-05-19,,,4369730006,,
HOSPITAL 54,,BOLIVAR,,,,,,,2023-05-10,,,609213030,,
ALCALDIA 40,,BOGOTA,,,,,,,2023-02-16,,,3568731128,,
UNIVERSIDAD 70,,BOGOTA,,,,,,,2023-01-05,,,3240302697,,
HOSPITAL 81,,SANTANDER,,,,,,,2023-10-06,,,3690041056,,
HOSPITAL 91,,BOGOTA,,,,,,,2023-09-17,,,2158871413,,
INSTITUTO 57,,ATLANTICO,,,,,,,2023-12-15,,,4927588653,,
HOSPITAL 6,,CUNDINAMARCA,,,,,,,2023-02-08,,,3696472893,,
UNIVERSIDAD 97,,SANTANDER,,,,,,,2023-01-08,,,3717025697,,
UNIVERSIDAD 75,,VALLE,,,,,,,2023-03-19,,,2600609400,,
UNIVERSIDAD 74,,ATLANTICO,,,,,,,2023-09-21,,,4575993023,,
ALCALDIA 83,,CUNDINAMARCA,,,,,,,2023-02-20,,,1279163416,,
HOSPITAL 8,,BOLIVAR,,,,,,,2023-02-10,,,491642061,,
HOSPITAL 24,,BOLIVAR,,,,,,,2023-07-04,,,1487329911,,
INSTITUTO 52,,BOGOTA,,,,,,,2023-12-09,,,802281657,,
INSTITUTO 90,,SANTANDER,,,,,,,2023-08-13,,,1390322152,,
GOBERNACION 71,,BOGOTA,,,,,,,2023-09-16,,,2573282024,,
UNIVERSIDAD 39,,ATLANTICO,,,,,,,2023-12-14,,,1137713488,,
GOBERNACION 88,,BOLIVAR,,,,,,,2023-11-01,,,4418489522,,
ALCALDIA 43,,BOGOTA,,,,,,,2023-12-06,,,2583208036,,
GOBERNACION 71,,SANTANDER,,,,,,,2023-01-31,,,4252869268,,
GOBERNACION 91,,SANTANDER,,,,,,,2023-01-04,,,3125716606,,
UNIVERSIDAD 1,,CUNDINAMARCA,,,,,,,2023-08-29,,,2116994053,,
ALCALDIA 28,,ATLANTICO,,,,,,,2023-06-13,,,4445450050,,
UNIVERSIDAD 79,,BOLIVAR,,,,,,,2023-06-05,,,937980413,,
UNIVERSIDAD 76,,CUNDINAMARCA,,,,,,,2023-04-01,,,1217777816,,
UNIVERSIDAD 73,,ANTIOQUIA,,,,,,,2023-10-10,,,3632377558,,
GOBERNACION 44,,BOGOTA,,,,,,,2023-05-27,,,2602344871,,
UNIVERSIDAD 19,,CUNDINAMARCA,,,,,,,2023-05-31,,,3979726274,,
UNIVERSIDAD 93,,ANTIOQUIA,,,,,,,2023-09-11,,,4138557706,,
ALCALDIA 92,,SANTANDER,,,,,,,2023-07-18,,,2111962563,,
UNIVERSIDAD 95,,ANTIOQUIA,,,,,,,2023-05-01,,,3191366623,,
GOBERNACION 69,,SANTANDER,,,,,,,2023-09-19,,,3035239982,,
HOSPITAL 59,,VALLE,,,,,,,2023-03-16,,,195599859,,
GOBERNACION 72,,BOGOTA,,,,,,,2023-06-09,,,4950445177,,
HOSPITAL 92,,ANTIOQUIA,,,,,,,2023-10-25,,,1953265498,,
INSTITUTO 34,,BOGOTA,,,,,,,2023-01-28,,,2169018892,,
ALCALDIA 36,,SANTANDER,,,,,,,2023-12-10,,,4501939031,,
ALCALDIA 83,,SANTANDER,,,,,,,2023-02-21,,,2792329552,,
HOSPITAL 73,,CUNDINAMARCA,,,,,,,2023-07-04,,,467868151,,
UNIVERSIDAD 97,,BOLIVAR,,,,,,,2023-10-02,,,614459189,,
HOSPITAL 57,,CUNDINAMARCA,,,,,,,2023-04-23,,,1103575858,,
ALCALDIA 97,,BOGOTA,,,,,,,2023-06-09,,,3846884739,,
UNIVERSIDAD 55,,BOGOTA,,,,,,,2023-02-24,,,2636013382,,
GOBERNACION 44,,CUNDINAMARCA,,,,,,,2023-08-13,,,4975243209,,
UNIVERSIDAD 59,,VALLE,,,,,,,2023-01-02,,,3450586728,,
HOSPITAL 7,,SANTANDER,,,,,,,2023-09-19,,,1207012736,,
HOSPITAL 29,,CUNDINAMARCA,,,,,,,2023-10-30,,,3298184699,,
ALCALDIA 90,,CUNDINAMARCA,,,,,,,2023-12-15,,,2191501101,,
HOSPITAL 63,,BOGOTA,,,,,,,2023-10-21,,,682885909,,
UNIVERSIDAD 9,,ATLANTICO,,,,,,,2023-07-04,,,1576856261,,
HOSPITAL 30,,BOLIVAR,,,,,,,2023-08-14,,,2481566570,,
HOSPITAL 8,,ATLANTICO,,,,,,,2023-01-23,,,2592194612,,
HOSPITAL 55,,CUNDINAMARCA,,,,,,,2023-09-29,,,1118163255,,
UNIVERSIDAD 4,,BOLIVAR,,,,,,,2023-03-17,,,157698935,,
HOSPITAL 30,,BOGOTA,,,,,,,2023-06-03,,,1287380654,,
INSTITUTO 52,,ATLANTICO,,,,,,,2023-04-22,,,1789664639,,
INSTITUTO 56,,ATLANTICO,,,,,,,2023-10-12,,,1520751786,,
HOSPITAL 66,,ATLANTICO,,,,,,,2023-06-19,,,765659035,,
HOSPITAL 73,,BOLIVAR,,,,,,,2023-03-15,,,985351236,,
ALCALDIA 78,,SANTANDER,,,,,,,2023-04-19,,,2856780654,,
HOSPITAL 82,,VALLE,,,,,,,2023-11-18,,,1134621442,,
ALCALDIA 23,,VALLE,,,,,,,2023-11-05,,,2256672557,,
UNIVERSIDAD 61,,VALLE,,,,,,,2023-10-17,,,588577448,,
INSTITUTO 74,,SANTANDER,,,,,,,2023-02-03,,,1729224829,,
GOBERNACION 48,,ANTIOQUIA,,,,,,,2023-03-13,,,4682954052,,
GOBERNACION 64,,ATLANTICO,,,,,,,2023-04-06,,,4824933350,,
UNIVERSIDAD 46,,VALLE,,,,,,,2023-02-01,,,4816650922,,
HOSPITAL 4,,ANTIOQUIA,,,,,,,2023-07-16,,,1190721734,,
UNIVERSIDAD 53,,VALLE,,,,,,,2023-03-11,,,3054987268,,
HOSPITAL 20,,CUNDINAMARCA,,,,,,,2023-09-11,,,373626752,,
GOBERNACION 81,,ANTIOQUIA,,,,,,,2023-03-30,,,1349740138,,
GOBERNACION 16,,CUNDINAMARCA,,,,,,,2023-09-12,,,3515900990,,
UNIVERSIDAD 20,,BOLIVAR,,,,,,,2023-08-25,,,3390182540,,
ALCALDIA 64,,ATLANTICO,,,,,,,2023-07-19,,,3280221179,,
HOSPITAL 86,,BOLIVAR,,,,,,,2023-08-03,,,2379996150,,
GOBERNACION 89,,SANTANDER,,,,,,,2023-01-07,,,505225580,,
INSTITUTO 99,,BOLIVAR,,,,,,,2023-12-12,,,2314575446,,
INSTITUTO 44,,SANTANDER,,,,,,,2023-04-22,,,4913728473,,
GOBERNACION 22,,BOGOTA,,,,,,,2023-08-28,,,3237567575,,
GOBERNACION 36,,ATLANTICO,,,,,,,2023-12-21,,,1869172654,,
ALCALDIA 98,,CUNDINAMARCA,,,,,,,2023-05-04,,,660341672,,
INSTITUTO 83,,CUNDINAMARCA,,,,,,,2023-06-15,,,1954826308,,
HOSPITAL 69,,CUNDINAMARCA,,,,,,,2023-07-31,,,3633090182,,
HOSPITAL 75,,VALLE,,,,,,,2023-12-26,,,4213428633,,
UNIVERSIDAD 11,,ANTIOQUIA,,,,,,,2023-02-08,,,3805269600,,
GOBERNACION 53,,BOGOTA,,,,,,,2023-09-17,,,3614752012,,
ALCALDIA 29,,CUNDINAMARCA,,,,,,,2023-02-08,,,3438770558,,
GOBERNACION 63,,BOGOTA,,,,,,,2023-10-20,,,2183346707,,
HOSPITAL 61,,CUNDINAMARCA,,,,,,,2023-03-05,,,3474988633,,
UNIVERSIDAD 16,,VALLE,,,,,,,2023-03-04,,,3139317924,,
ALCALDIA 91,,ANTIOQUIA,,,,,,,2023-04-27,,,982012357,,
GOBERNACION 89,,ATLANTICO,,,,,,,2023-07-15,,,3650346332,,
GOBERNACION 79,,SANTANDER,,,,,,,2023-11-14,,,1645593556,,
ALCALDIA 30,,CUNDINAMARCA,,,,,,,2023-10-19,,,4873302724,,
INSTITUTO 13,,BOLIVAR,,,,,,,2023-02-22,,,2822918759,,
ALCALDIA 94,,CUNDINAMARCA,,,,,,,2023-06-08,,,3959259796,,
HOSPITAL 57,,BOLIVAR,,,,,,,2023-10-18,,,1870850646,,
GOBERNACION 6,,SANTANDER,,,,,,,2023-01-27,,,1166717552,,
INSTITUTO 77,,CUNDINAMARCA,,,,,,,2023-06-06,,,3189167474,,
GOBERNACION 4,,ATLANTICO,,,,,,,2023-05-23,,,3336819761,,
GOBERNACION 53,,ATLANTICO,,,,,,,2023-05-10,,,302695814,,
UNIVERSIDAD 90,,SANTANDER,,,,,,,2023-07-14,,,1464442640,,
GOBERNACION 74,,VALLE,,,,,,,2023-11-17,,,638975300,,
GOBERNACION 28,,SANTANDER,,,,,,,2023-09-14,,,1605594995,,
ALCALDIA 20,,ATLANTICO,,,,,,,2023-07-16,,,4644424129,,
ALCALDIA 61,,ATLANTICO,,,,,,,2023-12-01,,,4480123808,,
UNIVERSIDAD 7,,ANTIOQUIA,,,,,,,2023-07-14,,,4288124118,,
INSTITUTO 75,,BOLIVAR,,,,,,,2023-12-02,,,3728555548,,
UNIVERSIDAD 30,,VALLE,,,,,,,2023-03-19,,,4050796183,,
ALCALDIA 75,,SANTANDER,,,,,,,2023-12-18,,,2998275310,,
INSTITUTO 8,,BOGOTA,,,,,,,2023-07-02,,,2929802865,,
HOSPITAL 2,,BOGOTA,,,,,,,2023-07-28,,,4557492552,,
GOBERNACION 93,,SANTANDER,,,,,,,2023-08-05,,,1463477839,,
ALCALDIA 3,,ANTIOQUIA,,,,,,,2023-01-24,,,4154556505,,
INSTITUTO 88,,CUNDINAMARCA,,,,,,,2023-07-16,,,3432677344,,
ALCALDIA 59,,ANTIOQUIA,,,,,,,2023-03-26,,,3729445569,,
GOBERNACION 95,,CUNDINAMARCA,,,,,,,2023-05-22,,,4751875558,,
ALCALDIA 49,,VALLE,,,,,,,2023-03-09,,,2406005027,,
INSTITUTO 80,,VALLE,,,,,,,2023-02-23,,,3642373101,,
ALCALDIA 4,,ATLANTICO,,,,,,,2023-04-22,,,883915577,,
HOSPITAL 87,,ANTIOQUIA,,,,,,,2023-10-02,,,1666121132,,
GOBERNACION 86,,VALLE,,,,,,,2023-05-21,,,2423294854,,
HOSPITAL 59,,ANTIOQUIA,,,,,,,2023-10-02,,,3138444363,,
INSTITUTO 96,,BOLIVAR,,,,,,,2023-09-14,,,1321628471,,
HOSPITAL 4,,ANTIOQUIA,,,,,,,2023-10-08,,,3140300570,,
INSTITUTO 52,,ANTIOQUIA,,,,,,,2023-11-07,,,2269922651,,
ALCALDIA 72,,CUNDINAMARCA,,,,,,,2023-12-20,,,1692754628,,
ALCALDIA 58,,BOGOTA,,,,,,,2023-03-29,,,4034543610,,
UNIVERSIDAD 76,,ATLANTICO,,,,,,,2023-02-21,,,2076870158,,
HOSPITAL 53,,CUNDINAMARCA,,,,,,,2023-06-16,,,4511371882,,
HOSPITAL 19,,SANTANDER,,,,,,,2023-05-09,,,3657756910,,
GOBERNACION 28,,BOLIVAR,,,,,,,2023-03-29,,,4534133839,,
UNIVERSIDAD 96,,SANTANDER,,,,,,,2023-12-11,,,3855642635,,
UNIVERSIDAD 94,,BOGOTA,,,,,,,2023-08-04,,,521067308,,
ALCALDIA 24,,VALLE,,,,,,,2023-02-13,,,4506610440,,
GOBERNACION 2,,VALLE,,,,,,,2023-07-07,,,1655968399,,
HOSPITAL 31,,SANTANDER,,,,,,,2023-09-16,,,4778994982,,
GOBERNACION 71,,SANTANDER,,,,,,,2023-07-16,,,4556302067,,
UNIVERSIDAD 27,,VALLE,,,,,,,2023-09-23,,,2894756749,,
UNIVERSIDAD 48,,BOGOTA,,,,,,,2023-05-04,,,3020597414,,
UNIVERSIDAD 96,,ANTIOQUIA,,,,,,,2023-06-25,,,3458310881,,
HOSPITAL 17,,VALLE,,,,,,,2023-01-02,,,4971698382,,
HOSPITAL 21,,CUNDINAMARCA,,,,,,,2023-09-20,,,4274053294,,
GOBERNACION 64,,ATLANTICO,,,,,,,2023-02-09,,,2209067536,,
INSTITUTO 94,,ATLANTICO,,,,,,,2023-02-24,,,4833667919,,
GOBERNACION 66,,BOLIVAR,,,,,,,2023-04-18,,,816079622,,
INSTITUTO 92,,CUNDINAMARCA,,,,,,,2023-06-25,,,2447336227,,
GOBERNACION 90,,VALLE,,,,,,,2023-09-20,,,4150925540,,
INSTITUTO 93,,SANTANDER,,,,,,,2023-04-24,,,1689721837,,
INSTITUTO 9,,VALLE,,,,,,,2023-04-25,,,1094685843,,
INSTITUTO 70,,CUNDINAMARCA,,,,,,,2023-03-08,,,1658201355,,
INSTITUTO 2,,CUNDINAMARCA,,,,,,,2023-12-06,,,4955993401,,
UNIVERSIDAD 73,,CUNDINAMARCA,,,,,,,2023-04-09,,,1794774825,,
UNIVERSIDAD 15,,CUNDINAMARCA,,,,,,,2023-09-24,,,3766974364,,
GOBERNACION 72,,ATLANTICO,,,,,,,2023-01-07,,,3826784721,,
UNIVERSIDAD 99,,SANTANDER,,,,,,,2023-08-06,,,2743721592,,
ALCALDIA 30,,BOLIVAR,,,,,,,2023-06-14,,,812491847,,
ALCALDIA 61,,SANTANDER,,,,,,,2023-07-27,,,473887334,,
ALCALDIA 48,,BOGOTA,,,,,,,2023-04-01,,,4880386934,,
UNIVERSIDAD 99,,SANTANDER,,,,,,,2023-08-29,,,1989714813,,
ALCALDIA 100,,ATLANTICO,,,,,,,2023-06-22,,,3397957583,,
ALCALDIA 9,,SANTANDER,,,,,,,2023-01-20,,,4494504018,,
HOSPITAL 18,,CUNDINAMARCA,,,,,,,2023-03-18,,,3691625289,,
HOSPITAL 21,,SANTANDER,,,,,,,2023-03-21,,,4079044960,,
HOSPITAL 96,,VALLE,,,,,,,2023-01-11,,,4036604116,,
GOBERNACION 82,,ANTIOQUIA,,,,,,,2023-04-16,,,2979858797,,
ALCALDIA 32,,SANTANDER,,,,,,,2023-06-14,,,1690554354,,
ALCALDIA 95,,BOLIVAR,,,,,,,2023-03-15,,,3011933591,,
ALCALDIA 37,,BOLIVAR,,,,,,,2023-04-25,,,2940789119,,
UNIVERSIDAD 78,,CUNDINAMARCA,,,,,,,2023-04-24,,,2179918706,,
INSTITUTO 44,,CUNDINAMARCA,,,,,,,2023-09-04,,,1815567545,,
UNIVERSIDAD 25,,VALLE,,,,,,,2023-12-25,,,4522445734,,
GOBERNACION 57,,VALLE,,,,,,,2023-10-07,,,4076387482,,
ALCALDIA 67,,BOGOTA,,,,,,,2023-08-11,,,4377294077,,
GOBERNACION 77,,SANTANDER,,,,,,,2023-02-01,,,2241190079,,
GOBERNACION 70,,BOGOTA,,,,,,,2023-08-10,,,2561067893,,
GOBERNACION 26,,CUNDINAMARCA,,,,,,,2023-08-02,,,3862344460,,
GOBERNACION 3,,SANTANDER,,,,,,,2023-04-05,,,1988782484,,
ALCALDIA 82,,ATLANTICO,,,,,,,2023-06-25,,,3183592866,,
ALCALDIA 11,,BOGOTA,,,,,,,2023-08-20,,,368015322,,
INSTITUTO 5,,ANTIOQUIA,,,,,,,2023-10-14,,,554029879,,
ALCALDIA 62,,SANTANDER,,,,,,,2023-05-02,,,2709987085,,
ALCALDIA 49,,BOLIVAR,,,,,,,2023-04-11,,,1493998062,,
GOBERNACION 71,,SANTANDER,,,,,,,2023-01-21,,,1782642548,,
INSTITUTO 77,,ANTIOQUIA,,,,,,,2023-06-19,,,684426393,,
UNIVERSIDAD 78,,CUNDINAMARCA,,,,,,,2023-12-25,,,3492045712,,
INSTITUTO 97,,BOLIVAR,,,,,,,2023-10-19,,,4254575835,,
GOBERNACION 55,,BOGOTA,,,,,,,2023-02-04,,,3614481955,,
ALCALDIA 67,,ATLANTICO,,,,,,,2023-12-28,,,4528881414,,
GOBERNACION 49,,VALLE,,,,,,,2023-12-04,,,1397563037,,
INSTITUTO 28,,CUNDINAMARCA,,,,,,,2023-11-21,,,381951439,,
INSTITUTO 54,,ANTIOQUIA,,,,,,,2023-03-09,,,13118509,,
GOBERNACION 96,,ATLANTICO,,,,,,,2023-12-27,,,2526522324,,
HOSPITAL 77,,CUNDINAMARCA,,,,,,,2023-05-24,,,2275184984,,
UNIVERSIDAD 29,,BOGOTA,,,,,,,2023-04-24,,,914833842,,
ALCALDIA 39,,ATLANTICO,,,,,,,2023-08-10,,,611995713,,
UNIVERSIDAD 43,,ANTIOQUIA,,,,,,,2023-03-01,,,2758728840,,
ALCALDIA 6,,VALLE,,,,,,,2023-01-19,,,4608874699,,
UNIVERSIDAD 2,,CUNDINAMARCA,,,,,,,2023-06-11,,,1822421987,,
HOSPITAL 21,,SANTANDER,,,,,,,2023-06-17,,,2354256662,,
GOBERNACION 97,,VALLE,,,,,,,2023-08-24,,,3599515900,,
GOBERNACION 74,,BOLIVAR,,,,,,,2023-11-13,,,3925926554,,
ALCALDIA 97,,SANTANDER,,,,,,,2023-03-12,,,2854311913,,
HOSPITAL 87,,BOGOTA,,,,,,,2023-08-14,,,4773242429,,
GOBERNACION 22,,VALLE,,,,,,,2023-12-18,,,4550822032,,
HOSPITAL 45,,BOLIVAR,,,,,,,2023-10-16,,,264328186,,
HOSPITAL 20,,CUNDINAMARCA,,,,,,,2023-03-31,,,1455787695,,
ALCALDIA 49,,BOGOTA,,,,,,,2023-10-07,,,1884507153,,
UNIVERSIDAD 29,,ATLANTICO,,,,,,,2023-05-31,,,4183167718,,
INSTITUTO 84,,BOGOTA,,,,,,,2023-11-16,,,2121122917,,
ALCALDIA 19,,BOLIVAR,,,,,,,2023-10-19,,,4211829258,,
ALCALDIA 61,,VALLE,,,,,,,2023-01-22,,,4450047134,,
INSTITUTO 45,,BOGOTA,,,,,,,2023-07-22,,,487322051,,
INSTITUTO 55,,CUNDINAMARCA,,,,,,,2023-06-17,,,819990276,,
HOSPITAL 69,,BOLIVAR,,,,,,,2023-12-30,,,444109637,,
GOBERNACION 27,,CUNDINAMARCA,,,,,,,2023-06-28,,,2499136158,,
GOBERNACION 95,,CUNDINAMARCA,,,,,,,2023-08-03,,,908701420,,
HOSPITAL 58,,ATLANTICO,,,,,,,2023-11-20,,,3770310418,,
UNIVERSIDAD 1,,CUNDINAMARCA,,,,,,,2023-09-01,,,605001036,,
ALCALDIA 83,,ATLANTICO,,,,,,,2023-07-28,,,4973072961,,
HOSPITAL 53,,SANTANDER,,,,,,,2023-04-23,,,4092129729,,
UNIVERSIDAD 59,,BOGOTA,,,,,,,2023-12-30,,,2613551874,,
GOBERNACION 78,,VALLE,,,,,,,2023-10-02,,,4921862177,,
UNIVERSIDAD 2,,SANTANDER,,,,,,,2023-04-10,,,1344227166,,
INSTITUTO 60,,BOGOTA,,,,,,,2023-07-28,,,85146716,,
GOBERNACION 83,,BOGOTA,,,,,,,2023-05-23,,,2316348768,,
HOSPITAL 19,,BOLIVAR,,,,,,,2023-05-25,,,1058519261,,
ALCALDIA 56,,VALLE,,,,,,,2023-12-28,,,2626709326,,
UNIVERSIDAD 76,,VALLE,,,,,,,2023-02-26,,,3335310704,,
UNIVERSIDAD 64,,SANTANDER,,,,,,,2023-11-26,,,2973427927,,
INSTITUTO 14,,SANTANDER,,,,,,,2023-10-20,,,1669951532,,
HOSPITAL 73,,VALLE,,,,,,,2023-09-15,,,3921098199,,
GOBERNACION 89,,BOGOTA,,,,,,,2023-01-17,,,2146498559,,
GOBERNACION 43,,BOLIVAR,,,,,,,2023-08-16,,,1568238487,,
HOSPITAL 6,,BOLIVAR,,,,,,,2023-12-25,,,4864697701,,
HOSPITAL 50,,ATLANTICO,,,,,,,2023-06-09,,,394165827,,
HOSPITAL 63,,BOLIVAR,,,,,,,2023-02-13,,,3813226173,,
UNIVERSIDAD 98,,ATLANTICO,,,,,,,2023-01-05,,,4798558517,,
GOBERNACION 64,,VALLE,,,,,,,2023-03-30,,,3841892104,,
ALCALDIA 42,,BOGOTA,,,,,,,2023-08-06,,,2653601182,,
ALCALDIA 91,,BOLIVAR,,,,,,,2023-01-18,,,3756633831,,
GOBERNACION 6,,ATLANTICO,,,,,,,2023-10-06,,,1929116773,,
UNIVERSIDAD 91,,ANTIOQUIA,,,,,,,2023-09-27,,,254746461,,
ALCALDIA 68,,ATLANTICO,,,,,,,2023-08-13,,,4875727186,,
INSTITUTO 76,,ATLANTICO,,,,,,,2023-10-28,,,4976553640,,
INSTITUTO 76,,BOGOTA,,,,,,,2023-10-29,,,4933725588,,
INSTITUTO 26,,ATLANTICO,,,,,,,2023-10-09,,,4450573149,,
ALCALDIA 63,,BOGOTA,,,,,,,2023-02-22,,,4772240933,,
GOBERNACION 51,,ANTIOQUIA,,,,,,,2023-08-05,,,1635874658,,
UNIVERSIDAD 86,,BOLIVAR,,,,,,,2023-03-22,,,2661474255,,
UNIVERSIDAD 33,,ANTIOQUIA,,,,,,,2023-10-24,,,3781760167,,
INSTITUTO 71,,CUNDINAMARCA,,,,,,,2023-06-22,,,4981995292,,
HOSPITAL 56,,CUNDINAMARCA,,,,,,,2023-04-17,,,135824967,,
UNIVERSIDAD 97,,ANTIOQUIA,,,,,,,2023-05-03,,,3191710967,,
UNIVERSIDAD 18,,BOGOTA,,,,,,,2023-07-07,,,4701888604,,
GOBERNACION 29,,CUNDINAMARCA,,,,,,,2023-09-05,,,4426305991,,
UNIVERSIDAD 96,,CUNDINAMARCA,,,,,,,2023-08-20,,,2670410983,,
UNIVERSIDAD 97,,VALLE,,,,,,,2023-11-21,,,2017301219,,
HOSPITAL 90,,ANTIOQUIA,,,,,,,2023-07-26,,,3523298626,,
UNIVERSIDAD 88,,ANTIOQUIA,,,,,,,2023-11-30,,,18239872,,
ALCALDIA 20,,ANTIOQUIA,,,,,,,2023-12-23,,,4315015776,,
UNIVERSIDAD 14,,VALLE,,,,,,,2023-10-02,,,4988861969,,
INSTITUTO 33,,SANTANDER,,,,,,,2023-07-22,,,789689093,,
INSTITUTO 31,,BOGOTA,,,,,,,2023-03-19,,,690583937,,
HOSPITAL 71,,CUNDINAMARCA,,,,,,,2023-06-10,,,3407966770,,
HOSPITAL 99,,CUNDINAMARCA,,,,,,,2023-04-04,,,1347044869,,
GOBERNACION 62,,ANTIOQUIA,,,,,,,2023-09-07,,,1434820410,,
ALCALDIA 63,,CUNDINAMARCA,,,,,,,2023-04-11,,,4838968318,,
UNIVERSIDAD 60,,ATLANTICO,,,,,,,2023-04-05,,,957958086,,
UNIVERSIDAD 46,,ANTIOQUIA,,,,,,,2023-11-02,,,1180506301,,
UNIVERSIDAD 5,,CUNDINAMARCA,,,,,,,2023-10-03,,,3856734518,,
UNIVERSIDAD 21,,ATLANTICO,,,,,,,2023-05-05,,,2796522906,,
GOBERNACION 86,,ATLANTICO,,,,,,,2023-12-18,,,4823813918,,
UNIVERSIDAD 25,,ATLANTICO,,,,,,,2023-11-15,,,4173861248,,
UNIVERSIDAD 26,,BOGOTA,,,,,,,2023-07-28,,,1396833655,,
ALCALDIA 34,,BOLIVAR,,,,,,,2023-06-25,,,4519926276,,
GOBERNACION 38,,SANTANDER,,,,,,,2023-02-14,,,4821258856,,
GOBERNACION 59,,CUNDINAMARCA,,,,,,,2023-10-26,,,405641292,,
UNIVERSIDAD 27,,SANTANDER,,,,,,,2023-02-24,,,3111522925,,
UNIVERSIDAD 43,,ATLANTICO,,,,,,,2023-11-27,,,3895030109,,
ALCALDIA 63,,VALLE,,,,,,,2023-03-23,,,1340099207,,
GOBERNACION 83,,BOLIVAR,,,,,,,2023-07-01,,,1076669460,,
INSTITUTO 11,,ATLANTICO,,,,,,,2023-09-11,,,2317914212,,
UNIVERSIDAD 18,,SANTANDER,,,,,,,2023-05-29,,,694086519,,
INSTITUTO 36,,VALLE,,,,,,,2023-05-17,,,4082208056,,
GOBERNACION 70,,CUNDINAMARCA,,,,,,,2023-02-16,,,1256937705,,
HOSPITAL 2,,ATLANTICO,,,,,,,2023-08-28,,,652272777,,
ALCALDIA 12,,VALLE,,,,,,,2023-09-28,,,2726936559,,
HOSPITAL 55,,BOLIVAR,,,,,,,2023-06-11,,,1070065154,,
HOSPITAL 59,,CUNDINAMARCA,,,,,,,2023-05-01,,,2319974307,,
HOSPITAL 75,,ATLANTICO,,,,,,,2023-03-19,,,4065678395,,
UNIVERSIDAD 67,,CUNDINAMARCA,,,,,,,2023-07-25,,,4163086825,,
UNIVERSIDAD 65,,ATLANTICO,,,,,,,2023-04-30,,,1699334798,,
HOSPITAL 97,,SANTANDER,,,,,,,2023-05-23,,,2586621827,,
ALCALDIA 32,,SANTANDER,,,,,,,2023-06-26,,,4578767904,,
UNIVERSIDAD 64,,BOLIVAR,,,,,,,2023-10-17,,,1589066579,,
ALCALDIA 7,,BOGOTA,,,,,,,2023-06-22,,,399303817,,
INSTITUTO 24,,BOLIVAR,,,,,,,2023-12-10,,,1358926414,,
UNIVERSIDAD 2,,CUNDINAMARCA,,,,,,,2023-01-04,,,4026464797,,
UNIVERSIDAD 27,,ATLANTICO,,,,,,,2023-07-04,,,3378099223,,
INSTITUTO 87,,CUNDINAMARCA,,,,,,,2023-05-29,,,4331035385,,
ALCALDIA 74,,BOGOTA,,,,,,,2023-06-13,,,1335470111,,
UNIVERSIDAD 34,,CUNDINAMARCA,,,,,,,2023-01-01,,,4627004215,,
HOSPITAL 19,,ANTIOQUIA,,,,,,,2023-04-10,,,2061100198,,
HOSPITAL 1,,ATLANTICO,,,,,,,2023-11-12,,,4557866335,,
UNIVERSIDAD 77,,ANTIOQUIA,,,,,,,2023-12-19,,,326181140,,
GOBERNACION 41,,ATLANTICO,,,,,,,2023-06-28,,,386214604,,
INSTITUTO 82,,CUNDINAMARCA,,,,,,,2023-12-24,,,4681589886,,
INSTITUTO 52,,CUNDINAMARCA,,,,,,,2023-05-10,,,40368665,,
GOBERNACION 16,,BOLIVAR,,,,,,,2023-02-02,,,3355216112,,
ALCALDIA 73,,SANTANDER,,,,,,,2023-05-30,,,3684087767,,
INSTITUTO 54,,VALLE,,,,,,,2023-10-16,,,1464102021,,
GOBERNACION 47,,ATLANTICO,,,,,,,2023-05-21,,,1792089990,,
UNIVERSIDAD 99,,VALLE,,,,,,,2023-10-29,,,1934757392,,
UNIVERSIDAD 75,,BOLIVAR,,,,,,,2023-02-08,,,274771713,,
GOBERNACION 6,,BOGOTA,,,,,,,2023-10-06,,,27031666,,
HOSPITAL 25,,BOLIVAR,,,,,,,2023-03-27,,,4709307065,,
INSTITUTO 52,,BOLIVAR,,,,,,,2023-08-30,,,1793313906,,
HOSPITAL 31,,ATLANTICO,,,,,,,2023-04-15,,,4142725527,,
HOSPITAL 20,,ATLANTICO,,,,,,,2023-10-16,,,2547859375,,
GOBERNACION 65,,ANTIOQUIA,,,,,,,2023-09-18,,,1195670007,,
ALCALDIA 59,,BOGOTA,,,,,,,2023-03-27,,,1701836601,,
HOSPITAL 46,,SANTANDER,,,,,,,2023-05-15,,,3959663344,,
UNIVERSIDAD 38,,ATLANTICO,,,,,,,2023-06-07,,,4897069698,,
GOBERNACION 34,,CUNDINAMARCA,,,,,,,2023-09-27,,,2615324592,,
ALCALDIA 17,,ATLANTICO,,,,,,,2023-07-28,,,620410321,,
UNIVERSIDAD 46,,BOGOTA,,,,,,,2023-05-15,,,1045962403,,
HOSPITAL 42,,SANTANDER,,,,,,,2023-06-04,,,2447689361,,
INSTITUTO 22,,ATLANTICO,,,,,,,2023-06-02,,,3762367973,,
UNIVERSIDAD 97,,VALLE,,,,,,,2023-02-06,,,447704484,,
HOSPITAL 26,,ANTIOQUIA,,,,,,,2023-05-17,,,3516352066,,
GOBERNACION 6,,BOGOTA,,,,,,,2023-06-21,,,1028534975,,
ALCALDIA 71,,ANTIOQUIA,,,,,,,2023-04-16,,,2604536696,,
ALCALDIA 50,,CUNDINAMARCA,,,,,,,2023-05-03,,,584295264,,
HOSPITAL 59,,BOLIVAR,,,,,,,2023-11-28,,,4600388941,,
ALCALDIA 53,,CUNDINAMARCA,,,,,,,2023-11-18,,,3019107583,,
INSTITUTO 56,,CUNDINAMARCA,,,,,,,2023-09-12,,,908545936,,
ALCALDIA 34,,ANTIOQUIA,,,,,,,2023-05-11,,,4223508218,,
UNIVERSIDAD 18,,ANTIOQUIA,,,,,,,2023-04-08,,,4145461465,,
ALCALDIA 42,,BOLIVAR,,,,,,,2023-06-22,,,4894256188,,
INSTITUTO 79,,BOGOTA,,,,,,,2023-10-09,,,758430017,,
UNIVERSIDAD 84,,ATLANTICO,,,,,,,2023-04-28,,,3274865867,,
ALCALDIA 84,,SANTANDER,,,,,,,2023-02-10,,,3660379732,,
UNIVERSIDAD 45,,VALLE,,,,,,,2023-02-11,,,2379175640,,
HOSPITAL 19,,ANTIOQUIA,,,,,,,2023-02-07,,,4756949152,,
HOSPITAL 21,,CUNDINAMARCA,,,,,,,2023-05-05,,,3898088315,,
ALCALDIA 80,,VALLE,,,,,,,2023-08-24,,,345350622,,
INSTITUTO 59,,BOLIVAR,,,,,,,2023-01-16,,,2983921119,,
GOBERNACION 6,,CUNDINAMARCA,,,,,,,2023-01-31,,,10092470,,
ALCALDIA 61,,ANTIOQUIA,,,,,,,2023-12-12,,,571221015,,
HOSPITAL 92,,VALLE,,,,,,,2023-05-07,,,471866820,,
ALCALDIA 6,,SANTANDER,,,,,,,2023-01-23,,,1967547320,,
ALCALDIA 41,,VALLE,,,,,,,2023-09-19,,,4574583084,,
INSTITUTO 29,,ANTIOQUIA,,,,,,,2023-02-26,,,2484974080,,
UNIVERSIDAD 2,,BOLIVAR,,,,,,,2023-07-17,,,4716796842,,
INSTITUTO 61,,SANTANDER,,,,,,,2023-01-14,,,669736074,,
HOSPITAL 11,,ANTIOQUIA,,,,,,,2023-02-22,,,563369778,,
ALCALDIA 46,,CUNDINAMARCA,,,,,,,2023-11-26,,,2912056594,,
UNIVERSIDAD 8,,VALLE,,,,,,,2023-01-16,,,2932549285,,
INSTITUTO 74,,ATLANTICO,,,,,,,2023-07-31,,,1287780534,,
INSTITUTO 29,,ANTIOQUIA,,,,,,,2023-04-28,,,3511192209,,
UNIVERSIDAD 23,,ANTIOQUIA,,,,,,,2023-05-16,,,60890775,,
HOSPITAL 47,,ANTIOQUIA,,,,,,,2023-06-10,,,3079320417,,
HOSPITAL 31,,VALLE,,,,,,,2023-02-27,,,2036454133,,
INSTITUTO 46,,ATLANTICO,,,,,,,2023-11-10,,,4525085427,,
INSTITUTO 37,,CUNDINAMARCA,,,,,,,2023-02-11,,,3666402809,,
GOBERNACION 82,,SANTANDER,,,,,,,2023-05-29,,,4347734189,,
UNIVERSIDAD 95,,VALLE,,,,,,,2023-09-21,,,1190750638,,
GOBERNACION 23,,BOLIVAR,,,,,,,2023-12-05,,,4064980225,,
GOBERNACION 50,,BOLIVAR,,,,,,,2023-09-06,,,1818837339,,
HOSPITAL 15,,BOLIVAR,,,,,,,2023-11-30,,,3900385572,,
HOSPITAL 80,,VALLE,,,,,,,2023-12-28,,,4035635564,,
INSTITUTO 52,,ATLANTICO,,,,,,,2023-06-25,,,300711770,,
INSTITUTO 68,,ATLANTICO,,,,,,,2023-06-23,,,3861345253,,
INSTITUTO 57,,ANTIOQUIA,,,,,,,2023-10-31,,,3094552612,,
HOSPITAL 98,,ANTIOQUIA,,,,,,,2023-03-22,,,4628924978,,
UNIVERSIDAD 22,,CUNDINAMARCA,,,,,,,2023-03-14,,,2244908842,,
INSTITUTO 3,,VALLE,,,,,,,2023-04-28,,,2831527934,,
UNIVERSIDAD 99,,CUNDINAMARCA,,,,,,,2023-11-05,,,580229867,,
ALCALDIA 78,,ANTIOQUIA,,,,,,,2023-06-07,,,411066867,,
ALCALDIA 52,,SANTANDER,,,,,,,2023-04-17,,,225144515,,
GOBERNACION 76,,VALLE,,,,,,,2023-10-29,,,4685184620,,
UNIVERSIDAD 88,,SANTANDER,,,,,,,2023-11-29,,,510889306,,
HOSPITAL 25,,BOLIVAR,,,,,,,2023-04-07,,,3334116910,,
UNIVERSIDAD 6,,BOGOTA,,,,,,,2023-03-11,,,4194293121,,
GOBERNACION 14,,SANTANDER,,,,,,,2023-12-24,,,4260224696,,
HOSPITAL 94,,CUNDINAMARCA,,,,,,,2023-03-09,,,1876268234,,
ALCALDIA 72,,VALLE,,,,,,,2023-09-27,,,1664023653,,
GOBERNACION 11,,ATLANTICO,,,,,,,2023-09-09,,,2354281488,,
HOSPITAL 60,,BOLIVAR,,,,,,,2023-11-29,,,1345221055,,
UNIVERSIDAD 97,,BOLIVAR,,,,,,,2023-09-26,,,4718513234,,
GOBERNACION 59,,ATLANTICO,,,,,,,2023-09-12,,,3417840316,,
GOBERNACION 69,,ANTIOQUIA,,,,,,,2023-05-19,,,2889330090,,
INSTITUTO 69,,SANTANDER,,,,,,,2023-05-13,,,3475172206,,
INSTITUTO 63,,ATLANTICO,,,,,,,2023-09-29,,,2781779976,,
ALCALDIA 45,,ANTIOQUIA,,,,,,,2023-09-14,,,1610966149,,
UNIVERSIDAD 88,,ANTIOQUIA,,,,,,,2023-01-20,,,1517704565,,
GOBERNACION 46,,SANTANDER,,,,,,,2023-08-05,,,3250227187,,
GOBERNACION 60,,BOGOTA,,,,,,,2023-06-04,,,4340008498,,
GOBERNACION 54,,SANTANDER,,,,,,,2023-10-09,,,3555763656,,
HOSPITAL 38,,BOGOTA,,,,,,,2023-05-07,,,265567405,,
INSTITUTO 48,,BOLIVAR,,,,,,,2023-07-21,,,1526895573,,
INSTITUTO 35,,CUNDINAMARCA,,,,,,,2023-07-14,,,2849854313,,
UNIVERSIDAD 25,,BOGOTA,,,,,,,2023-09-26,,,3939533118,,
UNIVERSIDAD 62,,BOGOTA,,,,,,,2023-07-28,,,704477964,,
INSTITUTO 76,,SANTANDER,,,,,,,2023-08-07,,,1828534209,,
UNIVERSIDAD 88,,VALLE,,,,,,,2023-05-03,,,4629097565,,
HOSPITAL 97,,CUNDINAMARCA,,,,,,,2023-09-14,,,555404777,,
INSTITUTO 56,,ATLANTICO,,,,,,,2023-08-30,,,1650092709,,
ALCALDIA 7,,BOLIVAR,,,,,,,2023-06-21,,,2752332024,,
ALCALDIA 99,,ATLANTICO,,,,,,,2023-05-16,,,3709242009,,
ALCALDIA 15,,BOLIVAR,,,,,,,2023-02-06,,,186828814,,
HOSPITAL 96,,CUNDINAMARCA,,,,,,,2023-04-29,,,1321158791,,
GOBERNACION 38,,VALLE,,,,,,,2023-09-20,,,1581322095,,
INSTITUTO 23,,ANTIOQUIA,,,,,,,2023-01-29,,,1913602968,,
INSTITUTO 93,,VALLE,,,,,,,2023-10-11,,,475256625,,
ALCALDIA 45,,BOLIVAR,,,,,,,2023-04-15,,,1754398990,,
GOBERNACION 24,,ATLANTICO,,,,,,,2023-07-01,,,3899839070,,
UNIVERSIDAD 75,,ANTIOQUIA,,,,,,,2023-04-22,,,1027928449,,
GOBERNACION 42,,BOLIVAR,,,,,,,2023-12-16,,,2533654999,,
ALCALDIA 50,,ATLANTICO,,,,,,,2023-11-02,,,2389148436,,
INSTITUTO 53,,BOLIVAR,,,,,,,2023-01-30,,,3905006413,,
INSTITUTO 69,,CUNDINAMARCA,,,,,,,2023-09-08,,,274907750,,
UNIVERSIDAD 85,,VALLE,,,,,,,2023-08-25,,,597080024,,
ALCALDIA 47,,ATLANTICO,,,,,,,2023-05-15,,,590003049,,
ALCALDIA 60,,BOGOTA,,,,,,,2023-11-03,,,277513507,,
UNIVERSIDAD 21,,BOLIVAR,,,,,,,2023-12-21,,,1594834924,,
UNIVERSIDAD 30,,ATLANTICO,,,,,,,2023-05-04,,,2244663434,,
INSTITUTO 87,,BOLIVAR,,,,,,,2023-11-23,,,2814477973,,
HOSPITAL 94,,BOGOTA,,,,,,,2023-08-26,,,3306472699,,
GOBERNACION 12,,BOLIVAR,,,,,,,2023-01-24,,,2175494164,,
ALCALDIA 98,,ATLANTICO,,,,,,,2023-08-26,,,2497354518,,
UNIVERSIDAD 53,,VALLE,,,,,,,2023-10-08,,,1370422621,,
UNIVERSIDAD 99,,BOGOTA,,,,,,,2023-09-17,,,4386252919,,
HOSPITAL 56,,ANTIOQUIA,,,,,,,2023-12-25,,,198188324,,
HOSPITAL 17,,BOLIVAR,,,,,,,2023-03-24,,,3471751197,,
INSTITUTO 43,,CUNDINAMARCA,,,,,,,2023-01-08,,,3970407580,,
UNIVERSIDAD 60,,CUNDINAMARCA,,,,,,,2023-06-15,,,2116423410,,
GOBERNACION 43,,SANTANDER,,,,,,,2023-01-27,,,2718573154,,
INSTITUTO 81,,BOLIVAR,,,,,,,2023-07-07,,,1132573887,,
UNIVERSIDAD 32,,BOGOTA,,,,,,,2023-06-21,,,3566612727,,
UNIVERSIDAD 26,,SANTANDER,,,,,,,2023-06-03,,,756420640,,
INSTITUTO 78,,ANTIOQUIA,,,,,,,2023-12-15,,,4202550062,,
UNIVERSIDAD 50,,BOGOTA,,,,,,,2023-12-25,,,3438213044,,
ALCALDIA 73,,ANTIOQUIA,,,,,,,2023-08-15,,,853556458,,
HOSPITAL 48,,ATLANTICO,,,,,,,2023-03-21,,,4113282006,,
ALCALDIA 23,,ANTIOQUIA,,,,,,,2023-08-18,,,4551341146,,
INSTITUTO 63,,CUNDINAMARCA,,,,,,,2023-02-23,,,4887463788,,
INSTITUTO 27,,BOLIVAR,,,,,,,2023-01-29,,,753041118,,
GOBERNACION 30,,BOGOTA,,,,,,,2023-12-31,,,3720675980,,
HOSPITAL 65,,VALLE,,,,,,,2023-11-22,,,4330075996,,
INSTITUTO 35,,CUNDINAMARCA,,,,,,,2023-11-11,,,1302442137,,
HOSPITAL 37,,BOLIVAR,,,,,,,2023-11-12,,,4391570415,,
HOSPITAL 29,,BOLIVAR,,,,,,,2023-04-28,,,4701089672,,
UNIVERSIDAD 75,,BOGOTA,,,,,,,2023-03-31,,,1104092989,,
INSTITUTO 56,,ATLANTICO,,,,,,,2023-09-17,,,3136657758,,
HOSPITAL 61,,ANTIOQUIA,,,,,,,2023-07-12,,,3446094109,,
UNIVERSIDAD 19,,SANTANDER,,,,,,,2023-01-03,,,4312613383,,
UNIVERSIDAD 67,,VALLE,,,,,,,2023-01-15,,,4489932949,,
HOSPITAL 33,,BOGOTA,,,,,,,2023-04-14,,,2458746971,,
UNIVERSIDAD 15,,ATLANTICO,,,,,,,2023-02-10,,,14337835,,
HOSPITAL 69,,BOGOTA,,,,,,,2023-03-18,,,4482422130,,
INSTITUTO 65,,CUNDINAMARCA,,,,,,,2023-01-08,,,2565354491,,
UNIVERSIDAD 46,,BOGOTA,,,,,,,2023-02-01,,,2333658781,,
HOSPITAL 34,,SANTANDER,,,,,,,2023-07-27,,,877975376,,
HOSPITAL 22,,BOGOTA,,,,,,,2023-09-21,,,909937821,,
HOSPITAL 25,,BOGOTA,,,,,,,2023-05-28,,,1718298158,,
INSTITUTO 30,,SANTANDER,,,,,,,2023-05-27,,,1469351521,,
ALCALDIA 42,,SANTANDER,,,,,,,2023-10-31,,,3786509794,,
ALCALDIA 26,,ANTIOQUIA,,,,,,,2023-04-10,,,4176241891,,
GOBERNACION 30,,VALLE,,,,,,,2023-01-04,,,3070241107,,
HOSPITAL 12,,ATLANTICO,,,,,,,2023-01-29,,,2395140281,,
GOBERNACION 80,,BOLIVAR,,,,,,,2023-10-20,,,111988482,,
UNIVERSIDAD 76,,VALLE,,,,,,,2023-11-26,,,3802586276,,
INSTITUTO 75,,BOGOTA,,,,,,,2023-10-01,,,2520840151,,
ALCALDIA 96,,SANTANDER,,,,,,,2023-08-08,,,3169697413,,
GOBERNACION 76,,VALLE,,,,,,,2023-09-24,,,4464476426,,
INSTITUTO 72,,ATLANTICO,,,,,,,2023-07-14,,,3889849074,,
HOSPITAL 41,,SANTANDER,,,,,,,2023-10-26,,,1298933183,,
ALCALDIA 56,,BOGOTA,,,,,,,2023-09-25,,,1570627449,,
ALCALDIA 53,,CUNDINAMARCA,,,,,,,2023-08-27,,,3182599441,,
HOSPITAL 23,,BOLIVAR,,,,,,,2023-05-17,,,1591575427,,
UNIVERSIDAD 55,,ANTIOQUIA,,,,,,,2023-04-23,,,3834118903,,
GOBERNACION 47,,SANTANDER,,,,,,,2023-04-23,,,2916525557,,
GOBERNACION 21,,BOGOTA,,,,,,,2023-04-03,,,4355804829,,
GOBERNACION 62,,BOLIVAR,,,,,,,2023-07-19,,,2464577884,,
ALCALDIA 42,,VALLE,,,,,,,2023-01-21,,,3797317160,,
GOBERNACION 67,,SANTANDER,,,,,,,2023-09-20,,,3249871136,,
HOSPITAL 21,,VALLE,,,,,,,2023-05-30,,,4661501514,,
GOBERNACION 40,,ANTIOQUIA,,,,,,,2023-04-13,,,477752942,,
HOSPITAL 86,,BOLIVAR,,,,,,,2023-09-25,,,2969992458,,
ALCALDIA 87,,SANTANDER,,,,,,,2023-03-31,,,554482520,,
INSTITUTO 70,,BOLIVAR,,,,,,,2023-08-19,,,3623853556,,
ALCALDIA 9,,ANTIOQUIA,,,,,,,2023-10-14,,,128212174,,
INSTITUTO 97,,BOLIVAR,,,,,,,2023-09-28,,,514869560,,
HOSPITAL 98,,ANTIOQUIA,,,,,,,2023-06-30,,,851202143,,
ALCALDIA 89,,BOGOTA,,,,,,,2023-12-17,,,4780733004,,
HOSPITAL 54,,ANTIOQUIA,,,,,,,2023-07-27,,,140703056,,
INSTITUTO 99,,BOGOTA,,,,,,,2023-09-01,,,1236732586,,
HOSPITAL 31,,ANTIOQUIA,,,,,,,2023-10-13,,,1320636294,,
GOBERNACION 61,,VALLE,,,,,,,2023-12-14,,,4707180025,,
GOBERNACION 76,,ANTIOQUIA,,,,,,,2023-09-22,,,3753979850,,
INSTITUTO 63,,CUNDINAMARCA,,,,,,,2023-02-24,,,1348869465,,
ALCALDIA 60,,ANTIOQUIA,,,,,,,2023-08-07,,,2058599506,,
HOSPITAL 89,,VALLE,,,,,,,2023-05-29,,,2955054460,,
HOSPITAL 4,,BOLIVAR,,,,,,,2023-08-16,,,3667159411,,
ALCALDIA 98,,VALLE,,,,,,,2023-08-18,,,1491289502,,
UNIVERSIDAD 35,,SANTANDER,,,,,,,2023-08-22,,,3446526306,,
UNIVERSIDAD 64,,SANTANDER,,,,,,,2023-02-06,,,1340274456,,
GOBERNACION 12,,BOLIVAR,,,,,,,2023-07-04,,,4904915669,,
UNIVERSIDAD 30,,ANTIOQUIA,,,,,,,2023-02-11,,,3678547046,,
ALCALDIA 12,,ANTIOQUIA,,,,,,,2023-11-27,,,4897090165,,
INSTITUTO 74,,VALLE,,,,,,,2023-10-16,,,2722631460,,
INSTITUTO 15,,CUNDINAMARCA,,,,,,,2023-03-15,,,2305556672,,
ALCALDIA 41,,BOLIVAR,,,,,,,2023-09-17,,,3296776996,,
GOBERNACION 57,,ANTIOQUIA,,,,,,,2023-08-21,,,1572556621,,
INSTITUTO 55,,VALLE,,,,,,,2023-02-21,,,2170312666,,
INSTITUTO 60,,VALLE,,,,,,,2023-02-21,,,1803803219,,
HOSPITAL 76,,BOGOTA,,,,,,,2023-05-17,,,336892439,,
UNIVERSIDAD 89,,BOLIVAR,,,,,,,2023-03-19,,,1977900452,,
HOSPITAL 76,,CUNDINAMARCA,,,,,,,2023-05-28,,,2909279344,,
GOBERNACION 66,,VALLE,,,,,,,2023-10-05,,,13625356,,
INSTITUTO 87,,BOGOTA,,,,,,,2023-11-07,,,3858392727,,
INSTITUTO 17,,BOLIVAR,,,,,,,2023-01-11,,,3770449984,,
UNIVERSIDAD 93,,CUNDINAMARCA,,,,,,,2023-12-24,,,3228674116,,
UNIVERSIDAD 95,,CUNDINAMARCA,,,,,,,2023-12-03,,,745204047,,
GOBERNACION 18,,BOLIVAR,,,,,,,2023-01-02,,,582040061,,
INSTITUTO 88,,ATLANTICO,,,,,,,2023-06-21,,,152765486,,
